,0,1,2,3,4,5,6,7,8,9,10,11,12,13,14,15,16,17,18,19,20,21,22,23,24,25,26,27,28,29,30,31,32,33,34,35,36,37,38
9589,0,0,0,-1,-1,-1,0,109,0,360,0,0,349,0,0,433,255,0,121,588,0,0,0,0,310,62,14,466,100000006,100000006,4,9,0,100000003,100000003,0,0,0,271
11073,0,0,0,392,521,0,325,109,0,0,0,0,-1,-1,-1,88,255,0,-1,-1,-1,146,0,0,186,62,0,466,0,0,0,41,142,100000003,100000003,0,855,272,271
12575,0,0,0,-1,-1,-1,0,109,0,143,0,0,0,0,0,0,255,0,121,740,130,0,370,0,0,62,0,466,595,258,274,0,0,100000003,100000003,0,855,586,271
14881,0,0,261,0,18,43,-1,-1,-1,0,0,2,0,0,0,514,255,176,121,0,0,0,0,0,-1,-1,-1,466,230,148,0,0,188,100000003,100000003,263,855,24,271
17290,0,0,104,0,0,0,0,109,688,0,0,0,0,0,0,0,255,872,121,0,0,405,0,0,0,62,0,466,0,0,0,32,0,100000003,100000003,617,855,136,271
18551,0,0,261,0,18,0,155,109,0,371,0,2,0,0,0,514,255,176,121,0,0,0,0,101,178,62,451,466,230,148,0,0,0,100000003,100000003,263,855,150,271
18697,0,0,261,0,18,0,155,109,0,-1,-1,-1,-1,-1,-1,514,255,176,121,0,0,0,0,0,178,62,0,-1,-1,-1,-1,-1,-1,100000003,100000003,263,855,330,271
19437,0,0,366,0,100000006,100000006,0,109,0,0,0,0,0,0,84,212,255,0,121,0,320,610,0,0,0,62,0,466,0,0,21,0,531,100000003,100000003,132,855,272,271
19533,-1,-1,-1,0,0,0,0,109,72,85,86,0,0,0,156,0,255,407,121,0,320,-1,-1,-1,193,62,279,466,93,21,742,27,0,100000003,100000003,543,855,272,271
20834,0,0,0,-1,-1,-1,0,109,0,-1,-1,-1,0,0,0,0,255,0,121,55,0,572,827,0,0,62,14,466,309,0,0,0,281,100000003,100000003,36,-1,-1,-1
21046,0,364,0,-1,-1,-1,0,109,15,0,244,0,0,0,0,0,255,360,121,0,95,0,0,26,-1,-1,-1,466,309,0,-1,-1,-1,-1,-1,-1,-1,-1,-1
21072,0,0,0,0,18,0,155,109,0,0,0,0,0,0,0,514,255,176,121,223,0,0,0,583,0,62,0,466,230,474,0,0,622,100000003,100000003,531,-1,-1,-1
21416,295,0,0,0,435,0,0,109,0,0,0,454,0,0,3,0,255,0,121,0,0,0,0,0,171,62,0,466,0,0,70,0,36,100000003,100000003,18,855,198,271
21650,295,0,0,0,0,294,0,109,0,0,0,0,-1,-1,-1,221,255,0,121,0,0,0,0,739,171,62,0,-1,-1,-1,0,1,36,-1,-1,-1,855,414,271
22165,0,0,0,-1,-1,-1,0,109,0,0,0,0,0,0,0,-1,-1,-1,-1,-1,-1,0,444,26,0,62,14,466,309,0,-1,-1,-1,100000003,100000003,0,-1,-1,-1
22916,0,0,0,0,0,383,-1,-1,-1,0,0,0,0,0,0,0,255,95,121,0,320,0,0,0,339,62,0,466,39,214,0,0,0,-1,-1,-1,855,272,271
23596,0,0,0,0,0,0,460,109,0,0,86,0,0,0,0,0,255,0,121,0,320,-1,-1,-1,193,62,56,-1,-1,-1,100000005,-1,100000005,-1,-1,-1,855,272,271
23867,-1,-1,-1,0,0,0,0,109,0,0,86,0,-1,-1,-1,-1,-1,-1,121,0,320,0,0,95,193,62,366,466,0,0,0,0,0,100000003,100000003,543,855,272,271
24134,0,0,0,0,0,0,0,109,6,0,301,0,0,0,0,3,255,0,121,0,130,0,10,11,0,62,326,466,595,0,274,0,0,100000003,100000003,0,855,586,271
24674,0,0,0,-1,-1,-1,460,109,0,0,46,0,312,0,319,0,255,0,121,0,0,0,0,0,-1,-1,-1,466,377,92,-1,-1,-1,100000003,100000003,0,-1,-1,-1
26528,-1,-1,-1,0,0,0,0,109,0,424,0,61,0,0,0,0,255,872,121,25,225,0,0,0,230,62,42,466,0,0,0,0,0,100000003,100000003,65,855,38,271
26771,0,0,0,0,0,0,349,109,65,316,0,492,0,0,0,0,255,872,121,0,373,301,0,0,0,62,0,466,0,0,-1,-1,-1,100000003,100000003,0,855,330,271
26810,0,493,366,0,0,0,0,109,0,-1,-1,-1,0,0,0,-1,-1,-1,121,0,320,238,0,438,0,62,0,466,0,67,21,0,0,100000003,100000003,185,855,272,271
27416,295,0,88,0,0,0,0,109,0,0,0,0,0,0,0,607,255,0,121,0,0,25,38,855,171,62,0,466,194,0,0,150,36,-1,-1,-1,855,107,271
28618,0,0,0,0,0,432,0,109,0,0,86,195,0,0,0,-1,-1,-1,121,0,320,273,0,0,193,62,513,466,93,0,208,27,0,100000003,100000003,543,855,272,271
28980,0,0,0,-1,-1,-1,0,109,65,0,0,492,-1,-1,-1,0,255,872,121,0,0,0,0,0,0,62,0,466,320,0,0,96,157,100000003,100000003,0,855,8,271
29077,0,0,0,-1,-1,-1,214,109,0,-1,-1,-1,0,0,0,153,255,335,121,0,0,0,17,0,0,62,14,466,309,209,0,168,0,100000003,100000003,432,-1,-1,-1
29597,0,0,0,-1,-1,-1,-1,-1,-1,-1,-1,-1,0,0,0,153,255,0,121,0,0,0,0,345,403,62,14,-1,-1,-1,0,276,0,100000003,100000003,432,-1,-1,-1
29636,295,0,0,0,0,294,0,109,0,0,0,0,116,479,3,221,255,89,121,57,43,-1,-1,-1,171,62,0,466,0,0,-1,-1,-1,100000003,100000003,18,855,0,271
30275,0,0,0,392,0,0,325,109,0,261,0,0,258,0,0,0,255,0,121,0,320,0,686,0,346,62,0,466,0,0,172,19,142,100000003,100000003,30,855,272,271
30603,295,0,0,0,0,422,0,109,0,0,207,0,0,0,3,0,255,0,121,0,0,0,0,0,171,62,0,466,337,0,432,0,36,-1,-1,-1,855,0,271
31111,-1,-1,-1,392,0,0,325,109,0,0,0,0,0,0,0,0,255,79,121,0,320,478,0,0,0,62,0,-1,-1,-1,282,0,142,100000003,100000003,0,855,272,271
31240,0,0,0,-1,-1,-1,22,109,0,107,0,20,0,0,0,0,255,102,121,0,320,0,508,0,0,62,0,466,0,0,0,0,90,100000003,100000003,85,855,272,271
32220,295,0,0,0,0,339,0,109,0,-1,-1,-1,-1,-1,-1,0,255,0,121,0,0,100000003,100000003,0,-1,-1,-1,466,466,0,-1,-1,-1,100000003,100000003,151,855,31,271
32716,-1,-1,-1,392,0,114,-1,-1,-1,0,0,0,-1,-1,-1,0,255,0,-1,-1,-1,2,861,0,0,62,0,466,0,521,332,352,142,-1,-1,-1,855,272,271
33102,0,0,0,0,0,0,0,109,0,146,0,0,0,0,0,0,255,0,121,133,130,0,0,0,0,62,0,-1,-1,-1,0,0,160,100000003,100000003,0,855,586,271
33575,295,0,30,0,0,0,0,109,0,0,0,454,131,0,3,0,255,0,121,0,0,0,0,0,171,62,0,466,0,0,0,0,36,100000003,100000003,18,855,0,271
34269,0,0,43,392,0,114,-1,-1,-1,234,0,0,-1,-1,-1,192,255,0,-1,-1,-1,0,861,0,0,62,144,466,0,0,332,352,142,100000003,100000003,45,-1,-1,-1
34460,295,0,88,0,0,0,0,109,0,0,0,0,0,0,0,0,255,0,121,111,0,0,38,0,171,62,206,466,60,0,437,150,36,-1,-1,-1,855,107,271
35802,0,0,0,-1,-1,-1,0,109,0,-1,-1,-1,-1,-1,-1,0,255,135,121,0,467,0,0,0,0,62,14,466,309,45,138,0,269,100000003,100000003,543,-1,-1,-1
35860,-1,-1,-1,-1,-1,-1,0,109,0,0,244,0,0,0,0,0,255,0,121,228,95,0,232,26,-1,-1,-1,466,309,0,174,320,156,-1,-1,-1,-1,-1,-1
36137,0,0,0,-1,-1,-1,0,109,0,469,0,0,136,0,0,0,255,364,121,0,0,0,0,0,67,62,14,466,309,439,174,100000006,100000006,-1,-1,-1,-1,-1,-1
36147,0,0,0,-1,-1,-1,0,109,15,0,244,0,-1,-1,-1,0,255,360,121,0,95,0,0,26,-1,-1,-1,466,309,0,-1,-1,-1,100000003,100000003,34,-1,-1,-1
36300,295,0,0,-1,-1,-1,0,109,0,0,0,0,0,0,3,0,255,0,121,0,0,0,223,0,171,62,0,-1,-1,-1,0,0,36,100000003,100000003,18,855,0,271
36497,0,0,0,0,0,0,0,109,65,0,0,492,0,0,0,0,255,872,121,290,0,-1,-1,-1,0,62,0,466,6,0,0,0,0,100000003,100000003,0,855,0,271
36862,295,0,0,0,0,0,0,109,0,0,0,173,94,0,0,-1,-1,-1,121,760,300,100000003,100000003,0,171,62,0,466,466,60,-1,-1,-1,-1,-1,-1,855,524,271
38188,0,0,0,0,0,0,460,109,0,0,46,0,312,0,0,0,255,0,121,0,78,593,90,269,0,62,0,466,377,0,0,0,0,100000003,100000003,0,855,363,271
39139,0,0,0,-1,-1,-1,0,109,0,360,0,0,27,17,0,-1,-1,-1,121,40,0,0,0,0,214,62,14,466,100000006,100000006,-1,-1,-1,100000003,100000003,0,0,399,271
39142,295,0,0,0,0,0,0,109,27,319,0,0,412,0,3,0,255,0,121,0,0,0,0,0,171,62,0,-1,-1,-1,0,0,36,-1,-1,-1,855,3,271
39225,0,0,0,-1,-1,-1,0,109,0,0,0,0,-1,-1,-1,0,255,0,121,0,0,15,0,0,175,62,14,-1,-1,-1,2,0,409,100000003,100000003,533,-1,-1,-1
39268,0,0,0,-1,-1,-1,0,109,70,0,0,0,0,0,0,0,255,0,121,1,0,0,0,0,390,62,14,466,309,0,272,100000006,100000006,100000003,100000003,231,-1,-1,-1
39767,-1,-1,-1,0,0,0,0,109,0,62,0,0,0,53,0,-1,-1,-1,121,0,0,-1,-1,-1,0,62,71,466,595,56,0,385,886,100000003,100000003,0,855,586,271
39804,0,148,23,44,0,0,0,109,0,197,0,83,0,183,142,0,255,0,121,100000006,100000006,104,19,134,0,62,14,466,100000006,100000006,0,0,0,100000003,100000003,92,146,624,271
39865,0,0,366,0,0,0,-1,-1,-1,100000005,-1,100000005,0,154,0,0,255,144,121,0,320,0,138,0,0,62,0,466,20,0,21,127,0,100000003,100000003,0,-1,-1,-1
40337,0,0,0,0,0,12,-1,-1,-1,0,86,0,0,0,0,0,255,0,-1,-1,-1,0,569,0,-1,-1,-1,466,93,74,742,27,177,100000003,100000003,543,855,272,271
40381,0,0,104,-1,-1,-1,0,109,0,0,0,0,534,0,108,-1,-1,-1,121,0,12,0,0,26,-1,-1,-1,-1,-1,-1,0,0,45,100000003,100000003,617,855,136,271
40445,0,0,523,44,0,0,0,109,0,0,0,0,0,0,0,-1,-1,-1,121,0,0,104,19,118,27,62,14,466,100000006,100000006,-1,-1,-1,100000003,100000003,92,-1,-1,-1
40487,-1,-1,-1,-1,-1,-1,0,109,0,-1,-1,-1,-1,-1,-1,0,255,0,121,0,0,15,454,0,0,62,14,466,309,45,2,0,0,100000003,100000003,410,-1,-1,-1
40523,0,0,0,-1,-1,-1,0,109,0,360,0,0,0,689,0,0,255,0,121,0,11,100,100000006,100000006,549,62,14,466,100000006,100000006,245,9,165,-1,-1,-1,0,249,271
41545,295,0,3,0,0,0,-1,-1,-1,0,717,0,94,0,0,-1,-1,-1,121,0,0,100000003,100000003,0,171,62,0,466,466,0,263,307,36,100000003,100000003,250,855,59,271
41801,295,0,0,0,0,294,373,109,0,0,0,0,9,0,3,0,255,25,121,0,0,71,13,0,171,62,0,466,0,0,-1,-1,-1,100000003,100000003,18,855,100,271
42030,-1,-1,-1,-1,-1,-1,0,109,0,0,0,0,0,5,0,-1,-1,-1,121,1,0,0,47,804,519,62,14,466,309,660,272,0,138,100000003,100000003,0,-1,-1,-1
42199,0,0,0,0,0,0,0,109,0,222,0,0,-1,-1,-1,39,255,0,121,0,0,-1,-1,-1,180,62,0,466,0,0,-1,-1,-1,100000003,100000003,0,855,127,271
42455,0,0,0,44,0,0,42,109,0,0,0,219,0,0,21,0,255,0,121,115,0,104,541,0,0,62,14,466,100000006,100000006,27,35,0,100000003,100000003,92,146,107,271
42514,0,0,0,-1,-1,-1,0,109,0,0,86,0,0,0,417,0,255,0,121,0,320,0,0,0,193,62,56,466,0,0,944,139,184,-1,-1,-1,855,272,271
43230,0,0,0,0,18,0,155,109,0,0,0,0,0,0,250,-1,-1,-1,121,0,0,-1,-1,-1,-1,-1,-1,466,230,0,389,0,622,100000003,100000003,0,855,18,271
43267,0,0,0,0,0,0,0,109,0,0,0,85,0,370,0,39,255,0,121,0,0,0,0,17,0,62,0,466,0,112,0,0,0,100000003,100000003,0,855,127,271
43530,0,0,104,0,0,0,0,109,0,563,0,0,0,0,0,0,255,872,121,0,536,-1,-1,-1,0,62,0,466,0,63,0,0,0,100000003,100000003,617,855,136,271
43596,0,0,0,0,0,0,-1,-1,-1,551,257,0,0,0,56,0,255,872,121,0,59,0,0,0,0,62,0,-1,-1,-1,0,106,0,-1,-1,-1,855,141,271
43753,295,0,0,0,0,294,0,109,0,0,0,0,-1,-1,-1,221,255,0,121,0,0,265,0,0,171,62,81,466,0,0,-1,-1,-1,100000003,100000003,18,855,0,271
44304,295,632,0,0,0,339,-1,-1,-1,0,0,0,94,0,0,0,255,0,121,0,0,100000003,100000003,0,171,62,0,466,466,216,263,307,36,100000003,100000003,0,855,205,271
44882,0,0,0,0,0,0,797,109,0,0,86,0,0,0,0,0,255,0,121,0,320,0,0,0,193,62,56,466,0,777,0,345,0,100000003,100000003,543,855,272,271
44885,0,0,0,0,0,0,0,109,912,0,0,432,62,356,0,0,255,0,121,0,130,0,0,636,0,62,0,466,595,0,0,0,220,-1,-1,-1,855,586,271
45302,295,0,0,0,0,294,0,109,0,47,364,0,0,479,3,221,255,0,121,0,0,0,0,0,171,62,0,466,0,0,0,1,36,100000003,100000003,18,-1,-1,-1
45351,0,0,0,-1,-1,-1,27,109,0,0,0,0,0,0,0,0,255,0,121,0,95,-1,-1,-1,-1,-1,-1,466,309,0,174,96,168,100000003,100000003,0,-1,-1,-1
45956,-1,-1,-1,0,0,0,0,109,0,4,0,0,0,0,0,-1,-1,-1,121,0,0,0,0,0,0,62,0,466,0,0,-1,-1,-1,-1,-1,-1,855,136,271
46281,-1,-1,-1,-1,-1,-1,0,109,0,0,0,0,0,0,56,79,255,872,121,0,59,0,314,0,121,62,0,466,128,0,101,0,232,100000003,100000003,726,855,47,271
46325,295,0,0,0,0,422,0,109,0,0,0,0,0,237,3,0,255,0,121,0,0,0,0,0,171,62,0,466,119,7,432,0,36,100000003,100000003,18,855,0,271
46338,0,0,0,0,0,0,155,109,0,-1,-1,-1,-1,-1,-1,58,255,176,121,126,0,115,0,0,0,62,0,466,230,366,100000005,-1,100000005,-1,-1,-1,855,7,271
46375,0,0,0,392,0,0,325,109,0,-1,-1,-1,0,0,0,-1,-1,-1,121,0,320,0,0,177,0,62,0,466,0,283,332,0,142,100000003,100000003,45,-1,-1,-1
46728,0,0,0,0,0,0,-1,-1,-1,423,0,0,408,114,165,0,255,872,121,34,128,0,0,208,58,62,0,466,0,0,0,0,0,100000003,100000003,300,855,534,271
47054,-1,-1,-1,0,133,0,0,109,0,0,37,0,0,154,270,0,255,144,121,76,320,0,138,0,-1,-1,-1,466,0,0,21,127,0,100000003,100000003,14,855,272,271
47373,0,0,0,0,0,0,0,109,0,0,0,330,0,0,0,-1,-1,-1,121,25,0,0,424,60,0,62,0,466,0,0,100000005,-1,100000005,100000003,100000003,0,855,0,271
47717,295,0,0,0,0,0,0,109,0,0,0,454,0,0,3,0,255,313,-1,-1,-1,-1,-1,-1,171,62,891,-1,-1,-1,0,236,36,100000003,100000003,18,855,258,271
48014,0,0,0,0,0,0,-1,-1,-1,146,0,0,0,0,0,0,255,0,121,0,130,608,0,0,0,62,0,-1,-1,-1,0,0,160,-1,-1,-1,855,586,271
48278,295,0,0,-1,-1,-1,0,109,92,0,255,0,-1,-1,-1,0,255,0,121,0,0,0,0,0,171,62,0,466,0,0,0,460,36,100000003,100000003,18,855,0,271
48465,295,0,0,-1,-1,-1,507,109,0,0,0,0,0,479,3,221,255,0,121,0,0,0,0,0,171,62,0,466,346,0,-1,-1,-1,100000003,100000003,18,855,107,271
48697,-1,-1,-1,213,0,0,-1,-1,-1,-1,-1,-1,0,0,0,178,255,0,121,0,320,571,0,286,193,62,56,466,290,559,0,87,456,100000003,100000003,543,855,272,271
49562,0,0,366,-1,-1,-1,353,109,0,-1,-1,-1,84,0,97,0,255,0,-1,-1,-1,0,0,0,0,62,0,466,0,0,21,0,46,100000003,100000003,0,855,272,271
49612,-1,-1,-1,0,0,294,0,109,0,0,0,0,0,0,3,0,255,0,121,0,0,0,0,0,171,62,658,466,0,0,54,0,36,100000003,100000003,18,-1,-1,-1
49710,0,0,0,0,0,0,349,109,65,316,0,492,0,0,0,0,255,872,121,0,373,301,0,0,0,62,0,466,0,0,0,100000006,100000006,100000003,100000003,0,855,330,271
49729,0,0,0,-1,-1,-1,-1,-1,-1,-1,-1,-1,-1,-1,-1,41,255,0,121,0,0,0,105,0,0,62,14,-1,-1,-1,43,0,75,100000003,100000003,170,-1,-1,-1
49752,-1,-1,-1,323,0,0,460,109,0,0,46,0,312,0,0,372,255,0,-1,-1,-1,0,0,0,-1,-1,-1,-1,-1,-1,70,0,16,100000003,100000003,459,855,363,271
50196,295,0,0,0,0,294,0,109,0,0,111,0,0,479,3,221,255,0,121,0,0,0,0,0,171,62,0,466,0,0,0,1,36,100000003,100000003,18,855,107,271
50200,295,0,0,0,151,0,0,109,2,-1,-1,-1,412,159,3,0,255,0,121,0,0,0,0,0,171,62,0,466,0,28,0,0,36,100000003,100000003,18,855,3,271
50212,295,0,0,0,0,294,0,109,0,0,0,0,20,479,3,221,255,0,121,0,0,0,0,739,-1,-1,-1,466,0,0,0,1,36,100000003,100000003,18,855,0,271
50427,295,0,0,0,0,294,0,109,0,0,0,0,0,479,3,221,255,0,121,0,0,0,0,0,171,62,0,466,770,0,0,1,36,100000003,100000003,18,855,0,271
50694,0,0,0,392,0,0,-1,-1,-1,0,0,0,0,0,0,0,255,114,121,0,320,0,0,0,0,62,0,466,0,283,332,0,142,100000003,100000003,45,855,272,271
51070,295,0,0,0,0,0,0,109,0,0,0,454,0,0,3,-1,-1,-1,121,0,0,-1,-1,-1,171,62,0,466,0,0,0,0,36,100000003,100000003,18,855,612,271
51408,295,0,0,-1,-1,-1,0,109,0,275,0,0,0,479,3,221,255,0,121,0,0,-1,-1,-1,171,62,0,466,0,0,0,1,36,-1,-1,-1,-1,-1,-1
51805,-1,-1,-1,0,0,0,0,109,0,0,0,454,0,0,3,-1,-1,-1,121,0,727,0,0,0,-1,-1,-1,466,0,0,0,0,36,100000003,100000003,18,855,246,271
52445,295,0,0,-1,-1,-1,0,109,0,-1,-1,-1,0,479,3,221,255,0,121,0,0,315,0,0,-1,-1,-1,466,0,0,0,1,36,100000003,100000003,18,855,0,271
52471,295,0,0,0,0,294,0,109,0,0,0,0,0,479,3,221,255,0,121,0,0,265,0,0,171,62,81,466,0,0,151,1,36,-1,-1,-1,855,0,271
52522,0,0,0,0,0,0,0,109,0,0,257,0,0,0,56,345,255,872,121,0,59,0,0,0,0,62,0,466,0,0,0,106,0,100000003,100000003,0,855,141,271
52548,295,0,129,0,0,0,0,109,0,0,0,0,-1,-1,-1,0,255,0,121,0,276,0,0,128,-1,-1,-1,-1,-1,-1,0,0,36,100000003,100000003,18,855,0,271
53290,295,0,0,0,0,42,430,109,408,0,0,0,-1,-1,-1,0,255,252,121,64,66,0,0,0,171,62,8,466,50,0,7,664,36,100000003,100000003,18,855,0,271
53452,0,0,12,-1,-1,-1,460,109,391,0,46,0,312,0,0,0,255,0,121,0,0,593,0,269,0,62,0,466,377,0,0,0,43,100000003,100000003,0,855,363,271
53571,0,0,261,-1,-1,-1,155,109,0,148,0,2,0,0,0,-1,-1,-1,121,646,0,-1,-1,-1,178,62,0,466,230,148,0,0,273,-1,-1,-1,855,24,271
53693,295,0,0,0,0,0,0,109,0,0,0,173,94,0,0,0,255,0,121,760,300,100000003,100000003,0,171,62,0,466,466,0,-1,-1,-1,100000003,100000003,0,855,42,271
53990,0,0,0,-1,-1,-1,0,109,0,360,0,0,0,0,0,0,255,10,-1,-1,-1,0,0,282,0,62,14,-1,-1,-1,-1,-1,-1,100000003,100000003,0,24,0,271
54084,295,0,0,0,0,294,0,109,0,0,0,0,0,0,3,45,255,0,121,0,0,0,0,0,171,62,162,466,92,567,0,0,36,100000003,100000003,18,855,0,271
54207,0,0,366,0,0,0,0,109,0,211,0,0,0,0,0,83,255,0,121,142,320,374,0,0,698,62,800,466,0,275,21,52,0,100000003,100000003,74,855,272,271
54336,-1,-1,-1,0,0,0,0,109,0,0,0,0,94,0,0,0,255,0,121,132,0,100000003,100000003,0,171,62,59,466,0,306,0,307,36,100000003,100000003,138,855,140,271
54513,295,0,0,-1,-1,-1,0,109,0,0,0,0,-1,-1,-1,0,255,0,121,0,0,0,0,0,171,62,0,466,0,0,0,424,36,100000003,100000003,18,855,3,271
54548,295,0,0,0,0,294,0,109,0,0,0,625,0,479,3,221,255,0,121,0,0,0,199,723,171,62,0,-1,-1,-1,0,1,36,100000003,100000003,18,-1,-1,-1
54569,295,0,0,0,0,294,0,109,0,0,0,0,0,479,3,221,255,0,121,386,0,0,0,0,171,62,0,466,0,0,0,1,36,100000003,100000003,18,855,0,271
54949,295,0,0,0,0,294,0,109,0,0,0,0,115,479,3,221,255,0,121,666,0,0,447,0,171,62,0,466,0,0,0,1,36,100000003,100000003,18,855,311,271
55086,0,0,0,-1,-1,-1,0,109,0,0,0,0,136,0,0,-1,-1,-1,121,0,0,0,0,0,0,62,14,466,309,439,174,100000006,100000006,-1,-1,-1,-1,-1,-1
55598,295,0,3,0,0,0,-1,-1,-1,0,0,0,94,0,0,-1,-1,-1,121,0,0,100000003,100000003,0,-1,-1,-1,466,466,0,-1,-1,-1,100000003,100000003,0,855,69,271
55737,0,0,245,522,0,0,155,109,0,0,0,0,0,725,0,-1,-1,-1,121,0,14,-1,-1,-1,-1,-1,-1,466,230,182,0,0,0,-1,-1,-1,855,0,271
55748,295,0,0,0,0,294,0,109,0,0,0,0,0,479,3,-1,-1,-1,121,0,193,-1,-1,-1,171,62,0,466,0,0,0,1,36,100000003,100000003,18,-1,-1,-1
55861,0,0,366,-1,-1,-1,-1,-1,-1,211,0,0,-1,-1,-1,0,255,0,121,142,320,0,293,0,698,62,42,466,0,275,21,578,0,100000003,100000003,0,855,272,271
55885,0,0,366,0,60,0,0,109,0,0,0,0,0,154,0,0,255,144,-1,-1,-1,-1,-1,-1,73,62,686,466,0,0,21,127,0,100000003,100000003,0,855,272,271
56501,-1,-1,-1,0,0,0,-1,-1,-1,81,0,0,0,0,0,0,255,0,121,0,320,0,0,0,511,62,0,466,0,0,21,31,0,100000003,100000003,0,-1,-1,-1
56775,0,0,0,0,0,41,0,109,0,0,86,0,0,0,0,0,255,0,121,0,320,0,0,0,193,62,56,466,0,0,0,0,0,100000003,100000003,543,855,272,271
57309,0,367,0,-1,-1,-1,0,109,0,-1,-1,-1,0,0,0,256,255,0,121,176,431,0,0,663,451,62,14,466,309,0,272,0,0,100000003,100000003,0,-1,-1,-1
57314,0,0,0,-1,-1,-1,0,109,0,166,0,0,0,0,0,256,255,93,121,0,0,315,392,0,340,62,14,466,309,0,272,0,0,-1,-1,-1,-1,-1,-1
57498,295,0,0,-1,-1,-1,0,109,0,0,0,0,0,479,3,-1,-1,-1,121,0,0,-1,-1,-1,171,62,0,466,0,480,0,1,36,100000003,100000003,18,855,199,271
57592,0,0,0,0,0,0,0,109,0,0,257,0,0,0,56,0,255,872,121,384,59,0,0,0,0,62,0,466,0,0,0,106,70,100000003,100000003,0,-1,-1,-1
57727,0,0,261,0,18,43,155,109,0,211,0,2,0,0,0,514,255,176,121,646,0,-1,-1,-1,178,62,0,466,230,148,0,0,135,100000003,100000003,263,-1,-1,-1
57750,0,0,0,929,0,0,0,109,0,62,0,0,0,0,0,0,255,0,-1,-1,-1,131,0,0,0,62,71,466,595,56,-1,-1,-1,100000003,100000003,151,855,586,271
57818,-1,-1,-1,0,0,0,0,109,0,0,0,0,0,0,0,285,255,872,121,0,0,42,0,208,0,62,0,466,240,0,100000003,100000003,371,-1,-1,-1,855,0,271
57857,295,0,0,-1,-1,-1,0,109,0,0,0,811,0,479,3,221,255,0,-1,-1,-1,0,0,11,171,62,114,-1,-1,-1,2,1,36,100000003,100000003,18,-1,-1,-1
57911,-1,-1,-1,0,91,294,0,109,0,0,0,0,0,479,3,221,255,0,121,0,0,0,500,165,171,62,0,466,0,0,0,1,36,100000003,100000003,18,855,0,271
58855,0,0,0,-1,-1,-1,0,109,0,166,0,0,0,0,0,256,255,11,121,0,121,315,392,0,0,62,14,-1,-1,-1,272,0,14,-1,-1,-1,-1,-1,-1
58896,-1,-1,-1,0,0,294,0,109,0,0,0,0,0,479,3,221,255,0,121,0,0,-1,-1,-1,171,62,182,466,0,0,0,1,36,100000003,100000003,18,855,303,271
59209,0,0,0,44,0,0,-1,-1,-1,0,0,0,0,0,0,-1,-1,-1,121,0,170,104,19,0,651,62,14,466,100000006,100000006,229,100000006,100000006,100000003,100000003,92,146,0,271
59264,295,0,0,0,0,294,0,109,0,0,0,0,0,0,3,0,255,0,121,0,0,0,0,0,171,62,0,-1,-1,-1,0,0,36,100000003,100000003,18,855,0,271
59317,0,0,0,0,0,0,0,109,0,-1,-1,-1,-1,-1,-1,100000005,-1,100000005,121,0,320,175,0,0,193,62,204,-1,-1,-1,0,0,0,100000003,100000003,543,-1,-1,-1
59509,0,0,0,0,0,335,-1,-1,-1,137,0,254,0,0,5,0,255,872,-1,-1,-1,0,0,208,-1,-1,-1,-1,-1,-1,0,0,0,100000003,100000003,105,-1,-1,-1
59517,295,0,0,0,0,294,0,109,0,567,0,0,0,479,3,221,255,0,121,0,0,0,0,0,171,62,0,466,0,0,31,1,36,-1,-1,-1,855,0,271
59668,0,0,0,-1,-1,-1,0,109,0,0,0,70,-1,-1,-1,0,255,0,121,0,0,560,0,0,-1,-1,-1,466,309,0,107,306,0,100000003,100000003,257,-1,-1,-1
59808,0,0,0,0,0,0,0,109,0,672,0,325,0,0,0,0,255,872,121,0,592,0,0,0,616,62,386,466,62,0,0,224,0,100000003,100000003,5,855,291,271
59861,295,632,0,248,0,339,0,109,0,0,0,0,94,0,0,0,255,0,121,714,0,100000003,100000003,0,-1,-1,-1,466,466,0,263,307,36,100000003,100000003,0,855,38,271
60370,0,68,104,-1,-1,-1,-1,-1,-1,0,117,0,-1,-1,-1,580,255,872,-1,-1,-1,0,0,80,0,62,11,466,0,0,0,0,244,100000003,100000003,617,855,136,271
60523,295,0,0,0,0,294,-1,-1,-1,0,0,110,0,0,3,0,255,0,121,0,514,0,0,0,171,62,0,466,0,0,0,0,36,100000003,100000003,18,855,0,271
60618,295,0,0,0,0,294,0,109,0,0,0,0,0,479,3,221,255,602,121,0,0,0,0,0,171,62,0,466,0,0,0,1,36,100000003,100000003,18,855,121,271
60693,295,0,0,0,343,0,0,109,0,0,0,454,0,0,3,0,255,0,-1,-1,-1,-1,-1,-1,-1,-1,-1,466,331,0,462,0,36,100000003,100000003,18,855,0,271
60753,0,0,131,736,0,0,0,109,65,121,0,492,0,76,0,486,255,872,121,55,0,0,0,0,260,62,0,466,278,0,0,595,0,-1,-1,-1,855,146,271
61028,0,0,0,0,0,335,-1,-1,-1,137,0,254,0,0,5,0,255,872,121,0,737,-1,-1,-1,0,62,310,-1,-1,-1,0,0,216,100000003,100000003,0,855,30,271
61061,295,0,0,-1,-1,-1,0,109,0,0,0,0,0,479,3,221,255,0,121,0,0,0,208,0,171,62,0,466,0,189,0,1,36,100000003,100000003,18,-1,-1,-1
61207,-1,-1,-1,0,0,294,0,109,0,0,0,0,273,479,3,221,255,0,121,0,0,0,0,0,171,62,0,466,0,0,0,1,36,100000003,100000003,18,855,0,271
61416,295,0,0,0,0,0,0,109,0,0,0,0,0,0,3,-1,-1,-1,121,0,0,0,0,0,171,62,0,466,383,557,432,0,36,100000003,100000003,18,855,0,271
61660,-1,-1,-1,0,0,339,0,109,0,0,0,0,94,0,0,0,255,0,121,0,830,-1,-1,-1,171,62,2,466,466,0,-1,-1,-1,100000003,100000003,0,855,0,271
62098,295,0,0,0,0,294,0,109,0,0,0,0,0,0,3,609,255,0,-1,-1,-1,0,0,0,171,62,162,466,92,0,0,0,36,100000003,100000003,18,855,0,271
62428,295,0,0,0,0,0,0,109,0,-1,-1,-1,131,0,3,-1,-1,-1,121,0,26,0,0,0,171,62,0,466,71,0,0,55,36,100000003,100000003,18,-1,-1,-1
62862,0,0,261,0,18,0,155,109,0,-1,-1,-1,100000005,-1,100000005,514,255,176,121,0,364,0,0,0,-1,-1,-1,466,230,148,0,358,15,100000003,100000003,263,-1,-1,-1
63773,295,0,3,0,0,0,-1,-1,-1,-1,-1,-1,94,0,0,-1,-1,-1,121,0,0,-1,-1,-1,171,62,0,466,466,0,263,307,36,100000003,100000003,250,855,0,271
63809,295,0,0,0,0,294,0,109,0,0,0,0,0,479,3,221,255,0,121,0,0,0,107,0,171,62,0,466,0,17,0,1,36,100000003,100000003,18,855,0,271
63858,295,0,0,0,0,294,-1,-1,-1,100000003,100000003,663,-1,-1,-1,221,255,0,121,0,0,61,94,0,171,62,367,466,0,0,0,1,36,100000003,100000003,18,-1,-1,-1
63875,-1,-1,-1,736,0,0,0,109,65,0,0,492,0,76,0,486,255,872,121,55,0,0,285,0,260,62,0,-1,-1,-1,0,595,0,100000003,100000003,300,855,146,271
63917,295,0,0,-1,-1,-1,0,109,0,0,0,0,0,0,3,0,255,0,121,0,0,0,0,0,171,62,0,-1,-1,-1,0,132,36,100000003,100000003,18,855,0,271
63948,0,0,0,392,126,0,325,109,34,0,0,0,0,0,103,7,255,458,-1,-1,-1,0,419,0,0,62,0,466,0,0,-1,-1,-1,100000003,100000003,45,855,272,271
64000,0,0,261,0,18,0,155,109,66,0,272,2,0,0,207,514,255,176,121,0,364,-1,-1,-1,178,62,0,466,230,148,47,358,15,100000003,100000003,263,855,0,271
64047,295,0,0,0,0,294,0,109,0,0,0,811,0,479,3,221,255,0,121,0,0,0,0,0,171,62,0,-1,-1,-1,-1,-1,-1,100000003,100000003,18,855,107,271
64133,295,0,0,0,0,294,0,109,0,-1,-1,-1,0,479,3,221,255,0,121,0,0,0,0,404,171,62,81,466,0,0,-1,-1,-1,100000003,100000003,18,855,617,271
64160,0,0,261,0,18,0,155,109,0,-1,-1,-1,0,0,0,514,255,176,121,0,364,0,0,0,178,62,0,466,230,148,0,358,15,100000003,100000003,263,855,0,271
64221,295,0,0,0,0,0,0,109,0,898,0,63,94,0,0,0,255,0,121,0,0,100000003,100000003,0,171,62,0,466,466,0,-1,-1,-1,100000003,100000003,0,855,0,271
64492,295,0,0,0,0,294,0,109,0,-1,-1,-1,0,479,3,221,255,0,121,0,0,0,562,0,171,62,0,466,0,0,-1,-1,-1,100000003,100000003,18,855,0,271
64629,295,0,0,0,0,294,0,109,0,-1,-1,-1,0,479,3,221,255,0,121,0,0,0,0,0,171,62,0,466,0,0,0,1,36,100000003,100000003,18,855,0,271
64762,0,398,0,0,0,0,0,109,0,62,166,0,603,0,0,152,255,0,-1,-1,-1,0,74,0,107,62,71,466,595,56,717,785,886,100000003,100000003,118,855,586,271
64794,0,0,0,-1,-1,-1,-1,-1,-1,-1,-1,-1,-1,-1,-1,0,255,360,-1,-1,-1,-1,-1,-1,-1,-1,-1,466,309,0,-1,-1,-1,100000003,100000003,34,-1,-1,-1
65180,0,0,0,392,0,0,325,109,0,0,0,0,0,0,0,0,255,114,121,65,320,0,570,0,0,62,0,466,0,283,332,0,142,100000003,100000003,45,-1,-1,-1
65189,295,0,0,0,0,294,94,109,0,0,0,0,0,0,3,-1,-1,-1,121,0,0,0,0,107,171,62,0,466,0,0,54,0,36,100000003,100000003,18,-1,-1,-1
65364,0,0,0,0,618,0,414,109,386,0,46,0,0,8,0,1,255,0,121,0,0,248,0,244,0,62,443,466,387,0,4,57,145,100000003,100000003,0,855,363,271
65458,295,0,0,0,0,294,0,109,0,0,0,0,0,479,3,221,255,0,121,0,0,0,24,739,171,62,0,466,0,0,0,1,36,100000003,100000003,18,855,0,271
65609,-1,-1,-1,-1,-1,-1,0,109,0,-1,-1,-1,0,0,0,0,255,0,121,55,0,0,0,672,0,62,14,466,309,0,-1,-1,-1,100000003,100000003,0,-1,-1,-1
65698,-1,-1,-1,-1,-1,-1,0,109,0,0,0,0,0,479,3,221,255,0,121,0,0,0,0,0,171,62,67,466,0,0,0,1,36,-1,-1,-1,855,107,271
65756,0,0,0,132,0,0,0,109,0,0,0,0,0,0,101,0,255,872,121,135,21,0,146,208,0,62,247,-1,-1,-1,381,741,0,100000003,100000003,300,855,769,271
65786,0,0,0,0,0,0,273,109,0,0,86,0,0,0,0,0,255,0,121,0,320,-1,-1,-1,193,62,0,-1,-1,-1,-1,-1,-1,100000003,100000003,543,855,272,271
65981,0,0,0,-1,-1,-1,325,109,0,-1,-1,-1,149,0,0,379,255,0,121,0,320,0,0,0,0,62,0,466,43,0,0,0,142,100000003,100000003,645,-1,-1,-1
66036,295,0,0,604,0,0,0,109,0,0,251,43,0,0,0,42,255,0,121,83,0,0,0,336,-1,-1,-1,-1,-1,-1,-1,-1,-1,100000003,100000003,34,855,104,271
66038,295,0,374,0,0,0,0,109,0,0,0,0,0,0,3,0,255,0,121,0,0,-1,-1,-1,171,62,0,466,0,88,605,34,36,100000003,100000003,18,855,0,271
66041,-1,-1,-1,0,0,0,0,109,0,0,0,0,0,0,0,-1,-1,-1,-1,-1,-1,0,0,770,0,62,0,466,595,6,274,32,0,100000003,100000003,174,855,586,271
66208,0,0,0,44,55,401,0,109,0,0,0,219,0,0,21,0,255,0,121,115,0,104,0,0,4,62,14,466,100000006,100000006,27,0,0,100000003,100000003,92,146,0,271
66337,295,0,351,0,0,294,0,109,0,0,0,0,0,479,3,221,255,0,121,0,0,0,0,0,171,62,719,466,0,0,0,1,36,100000003,100000003,18,855,0,271
66599,295,0,0,-1,-1,-1,-1,-1,-1,0,0,0,0,479,3,221,255,0,121,500,0,0,443,0,171,62,0,466,0,0,0,1,36,100000003,100000003,18,855,0,271
66639,295,0,0,0,0,0,-1,-1,-1,0,0,0,-1,-1,-1,0,255,0,121,0,0,-1,-1,-1,171,62,518,-1,-1,-1,-1,-1,-1,100000003,100000003,18,855,295,271
66701,-1,-1,-1,0,0,41,0,109,0,0,86,0,0,0,0,0,255,0,121,69,320,0,0,0,193,62,56,466,0,0,-1,-1,-1,100000003,100000003,543,-1,-1,-1
66744,0,0,0,-1,-1,-1,0,109,65,0,0,492,-1,-1,-1,0,255,872,-1,-1,-1,0,0,0,0,62,0,466,0,0,254,96,0,100000003,100000003,225,855,0,271
66745,0,0,0,-1,-1,-1,0,109,65,0,0,492,0,0,159,0,255,872,121,0,215,0,0,0,0,62,0,466,0,0,254,96,0,100000003,100000003,225,855,0,271
66954,0,0,366,0,0,0,0,109,0,0,0,0,0,154,52,0,255,144,121,0,320,-1,-1,-1,0,62,0,466,3,0,21,127,0,100000003,100000003,14,855,272,271
67249,295,0,0,332,0,294,0,109,0,0,0,0,0,479,3,221,255,0,121,0,0,0,0,0,171,62,0,466,0,122,0,1,36,100000003,100000003,18,855,36,271
67292,295,653,0,0,0,294,0,109,0,-1,-1,-1,0,479,3,221,255,0,121,0,0,0,0,537,171,62,0,466,0,169,0,1,36,-1,-1,-1,855,0,271
67303,0,0,0,-1,-1,-1,0,109,0,0,0,10,164,0,0,113,255,0,-1,-1,-1,0,0,0,0,62,14,466,309,419,174,7,0,100000003,100000003,0,-1,-1,-1
67315,0,0,0,-1,-1,-1,0,109,0,0,244,0,0,0,0,0,255,0,-1,-1,-1,0,0,26,-1,-1,-1,466,309,0,174,0,156,100000003,100000003,34,-1,-1,-1
67455,295,7,0,0,0,294,0,109,0,-1,-1,-1,99,479,3,221,255,0,121,0,0,0,0,0,171,62,0,466,286,0,0,1,36,100000003,100000003,18,855,0,271
67646,0,0,0,-1,-1,-1,-1,-1,-1,0,244,0,0,0,0,0,255,0,121,0,95,0,0,26,-1,-1,-1,-1,-1,-1,-1,-1,-1,100000003,100000003,34,-1,-1,-1
67678,-1,-1,-1,44,0,0,313,109,0,0,88,219,0,216,0,0,255,267,121,115,0,104,148,0,257,62,14,466,100000006,100000006,27,0,168,100000003,100000003,92,146,0,271
67728,0,0,0,0,0,0,392,109,0,62,0,0,0,471,0,-1,-1,-1,121,0,0,0,0,0,0,62,71,466,595,56,0,23,886,100000003,100000003,220,855,586,271
67930,-1,-1,-1,-1,-1,-1,0,109,0,0,0,0,0,0,0,0,255,0,121,0,95,0,0,26,-1,-1,-1,466,309,0,-1,-1,-1,100000003,100000003,0,-1,-1,-1
67945,295,0,0,0,0,294,0,109,0,0,0,0,0,479,3,221,255,0,121,0,0,0,54,0,171,62,0,466,78,0,0,1,36,100000003,100000003,18,855,107,271
68132,295,0,0,0,0,294,0,109,0,0,0,0,-1,-1,-1,0,255,0,121,0,0,0,0,0,171,62,0,466,0,0,0,0,36,100000003,100000003,18,855,95,271
68501,295,0,0,0,0,0,0,109,0,0,0,1,0,0,0,42,255,0,121,83,25,0,0,336,171,62,402,-1,-1,-1,0,0,36,-1,-1,-1,855,104,271
68546,295,0,0,0,160,294,0,109,0,0,0,0,0,479,3,221,255,0,121,0,195,0,0,0,171,62,0,466,0,0,-1,-1,-1,100000003,100000003,18,-1,-1,-1
68714,295,0,0,0,0,422,0,109,0,0,0,34,0,0,3,-1,-1,-1,-1,-1,-1,-1,-1,-1,171,62,0,-1,-1,-1,432,45,36,100000003,100000003,18,855,0,271
68721,295,0,0,0,0,294,0,109,0,0,0,0,0,479,3,221,255,0,121,0,0,0,0,0,171,62,0,466,610,0,367,1,36,100000003,100000003,18,855,0,271
68818,0,0,0,392,0,114,325,109,0,0,0,0,-1,-1,-1,0,255,0,121,0,320,-1,-1,-1,0,62,0,466,0,0,332,352,142,100000003,100000003,45,855,272,271
68853,-1,-1,-1,0,0,294,0,109,0,0,0,0,0,479,3,221,255,212,121,0,0,0,0,0,171,62,0,466,0,0,31,1,36,100000003,100000003,18,855,0,271
68863,295,0,0,0,160,294,-1,-1,-1,0,0,0,0,479,3,221,255,0,121,0,0,0,0,48,171,62,0,466,0,0,0,1,36,100000003,100000003,18,855,0,271
68870,295,0,257,0,0,294,0,109,0,-1,-1,-1,-1,-1,-1,221,255,0,121,0,0,-1,-1,-1,171,62,81,466,0,0,0,1,36,100000003,100000003,18,855,0,271
68990,295,0,0,0,0,0,0,109,0,0,0,454,0,463,3,0,255,0,121,0,0,-1,-1,-1,171,62,891,466,0,0,0,0,36,100000003,100000003,18,855,258,271
69011,-1,-1,-1,-1,-1,-1,0,109,0,-1,-1,-1,0,0,0,0,255,0,121,0,0,0,192,0,61,62,14,466,309,398,94,79,0,100000003,100000003,0,-1,-1,-1
69060,295,0,0,0,0,294,0,109,0,0,0,0,0,479,3,221,255,0,121,0,0,0,0,0,171,62,0,466,0,0,0,1,36,100000003,100000003,18,855,0,271
69217,-1,-1,-1,0,0,294,-1,-1,-1,0,0,0,0,479,3,221,255,0,121,0,0,0,31,0,171,62,0,466,0,0,74,1,36,100000003,100000003,18,855,0,271
69377,0,0,0,-1,-1,-1,0,109,0,-1,-1,-1,0,0,0,153,255,0,121,0,0,0,0,0,403,62,14,466,309,0,0,0,0,100000003,100000003,432,-1,-1,-1
69451,0,0,0,0,0,0,0,109,0,-1,-1,-1,0,0,0,0,255,0,121,18,0,0,0,0,19,62,71,466,595,56,-1,-1,-1,100000003,100000003,280,855,586,271
69481,295,0,0,0,0,294,-1,-1,-1,0,0,0,0,479,3,221,255,0,-1,-1,-1,0,443,0,171,62,0,466,0,0,0,1,36,100000003,100000003,18,-1,-1,-1
69531,295,0,0,-1,-1,-1,-1,-1,-1,-1,-1,-1,0,479,3,221,255,0,-1,-1,-1,0,0,739,171,62,0,466,0,0,0,1,36,-1,-1,-1,855,172,271
69708,295,0,0,0,0,294,-1,-1,-1,0,0,0,0,479,3,-1,-1,-1,-1,-1,-1,-1,-1,-1,171,62,0,466,43,363,0,1,36,100000003,100000003,18,855,0,271
69889,0,0,366,0,0,0,0,109,0,0,0,0,0,154,0,0,255,144,121,0,320,-1,-1,-1,73,62,0,466,0,0,21,127,0,100000003,100000003,0,855,272,271
69973,295,0,351,0,0,294,0,109,0,0,0,0,0,479,3,221,255,0,121,0,0,-1,-1,-1,171,62,719,466,0,0,-1,-1,-1,100000003,100000003,18,-1,-1,-1
70067,295,632,0,0,0,339,0,109,0,-1,-1,-1,94,0,0,0,255,0,121,714,0,100000003,100000003,0,171,62,0,-1,-1,-1,263,307,36,-1,-1,-1,855,38,271
70198,0,0,0,-1,-1,-1,223,109,0,0,0,160,0,0,296,0,255,0,121,0,130,0,100000006,100000006,0,62,413,-1,-1,-1,99,0,0,100000003,100000003,718,855,586,271
70310,0,0,0,0,0,0,0,109,0,62,0,0,0,53,0,-1,-1,-1,121,0,696,0,0,397,0,62,71,466,595,56,62,385,886,100000003,100000003,0,-1,-1,-1
70512,295,0,0,-1,-1,-1,0,109,237,-1,-1,-1,0,0,3,-1,-1,-1,121,115,0,496,0,0,171,62,211,466,0,0,0,0,36,100000003,100000003,18,855,0,271
70518,295,0,0,0,0,294,0,109,0,-1,-1,-1,0,0,3,-1,-1,-1,121,0,0,0,471,0,-1,-1,-1,466,0,152,112,511,36,100000003,100000003,18,-1,-1,-1
70717,-1,-1,-1,0,0,294,0,109,0,26,0,0,32,479,3,221,255,0,121,0,279,21,0,313,171,62,81,466,0,0,-1,-1,-1,100000003,100000003,18,855,0,271
70904,295,0,0,0,0,294,0,109,0,0,53,0,-1,-1,-1,-1,-1,-1,121,17,0,0,0,0,171,62,427,-1,-1,-1,0,1,36,100000003,100000003,18,855,27,271
70929,-1,-1,-1,0,0,294,0,109,0,0,0,0,0,479,3,221,255,0,121,666,0,0,447,0,171,62,327,466,0,0,0,1,36,100000003,100000003,18,855,0,271
70980,295,0,0,0,35,294,0,109,0,26,0,0,0,479,3,-1,-1,-1,121,0,0,0,0,0,-1,-1,-1,466,275,176,0,1,36,100000003,100000003,18,-1,-1,-1
71035,0,0,43,392,0,114,325,109,0,0,0,0,-1,-1,-1,192,255,0,121,0,320,0,861,0,0,62,144,466,0,0,332,352,142,100000003,100000003,45,855,272,271
71059,295,0,0,0,0,294,0,109,0,26,0,0,0,479,3,221,255,0,121,12,0,0,0,0,171,62,81,466,275,0,0,1,36,100000003,100000003,18,855,0,271
71148,0,0,0,-1,-1,-1,0,109,0,113,244,0,0,0,0,0,255,0,121,228,95,0,0,26,-1,-1,-1,466,309,0,174,0,156,100000003,100000003,34,-1,-1,-1
71280,0,0,261,7,18,0,155,109,0,-1,-1,-1,0,0,0,514,255,176,121,0,364,797,0,0,178,62,214,466,230,148,0,358,15,100000003,100000003,263,-1,-1,-1
71640,0,0,0,0,0,0,155,109,0,100000003,100000003,0,0,0,0,58,255,176,121,126,0,115,515,0,0,62,255,466,230,366,-1,-1,-1,100000003,100000003,17,855,7,271
71758,-1,-1,-1,-1,-1,-1,0,109,0,-1,-1,-1,0,0,0,153,255,0,121,0,0,0,0,345,403,62,14,466,309,0,100000003,100000003,0,100000003,100000003,432,-1,-1,-1
71766,295,0,0,-1,-1,-1,0,109,0,0,0,173,94,0,0,367,255,0,121,760,300,100000003,100000003,0,-1,-1,-1,466,466,0,263,307,36,100000003,100000003,0,855,264,271
71779,-1,-1,-1,0,0,294,0,109,0,0,0,0,0,479,3,221,255,0,121,666,0,0,447,0,171,62,0,-1,-1,-1,0,1,36,100000003,100000003,18,855,0,271
72126,295,0,0,0,0,294,0,109,0,567,0,0,-1,-1,-1,221,255,0,121,0,0,0,0,0,171,62,0,466,0,0,31,1,36,100000003,100000003,18,855,0,271
72222,295,0,0,0,0,294,0,109,0,0,0,0,0,479,3,-1,-1,-1,121,666,0,0,0,7,171,62,0,466,302,363,0,1,36,100000003,100000003,18,855,0,271
72434,295,0,0,0,0,294,0,109,0,0,0,0,0,479,3,221,255,0,121,0,0,-1,-1,-1,171,62,0,466,0,0,609,1,36,100000003,100000003,18,855,0,271
72519,295,0,0,0,0,294,0,109,0,0,0,0,0,479,3,221,255,0,121,666,0,735,447,0,171,62,0,466,0,0,189,1,36,100000003,100000003,18,-1,-1,-1
72809,295,0,0,0,0,0,263,109,27,319,0,0,412,0,3,0,255,0,121,0,0,0,0,0,171,62,0,466,76,0,0,0,36,100000003,100000003,18,855,3,271
72874,-1,-1,-1,0,0,41,0,109,0,0,86,0,0,485,0,0,255,0,121,0,320,373,0,0,193,62,56,466,642,0,0,0,738,-1,-1,-1,855,272,271
72884,295,0,0,349,0,294,0,109,0,-1,-1,-1,0,479,3,221,255,0,121,0,0,-1,-1,-1,-1,-1,-1,466,0,0,0,1,36,100000003,100000003,18,855,0,271
72962,295,0,0,0,0,294,0,109,0,-1,-1,-1,0,479,3,221,255,0,121,0,0,0,0,0,171,62,0,466,0,0,53,1,36,100000003,100000003,18,855,0,271
72977,-1,-1,-1,392,0,114,325,109,0,707,0,0,-1,-1,-1,0,255,0,121,0,320,0,861,0,0,62,144,466,0,0,332,352,142,100000003,100000003,45,855,272,271
73267,295,566,0,0,0,89,-1,-1,-1,-1,-1,-1,412,159,3,384,255,74,121,0,0,2,0,0,-1,-1,-1,466,328,0,0,0,36,100000003,100000003,18,-1,-1,-1
73351,0,0,0,-1,-1,-1,325,109,0,0,0,0,-1,-1,-1,0,255,0,-1,-1,-1,0,0,0,0,62,15,-1,-1,-1,332,352,142,-1,-1,-1,855,272,271
73441,-1,-1,-1,-1,-1,-1,-1,-1,-1,-1,-1,-1,0,0,0,0,255,0,121,55,0,0,0,0,0,62,14,466,309,0,0,605,281,-1,-1,-1,-1,-1,-1
73799,0,0,0,0,0,0,0,109,0,0,257,0,-1,-1,-1,0,255,872,121,0,59,0,0,106,-1,-1,-1,466,0,0,0,106,0,100000003,100000003,0,-1,-1,-1
73802,295,0,0,0,0,294,0,109,0,212,0,0,0,479,3,221,255,0,121,385,0,73,24,739,171,62,0,466,0,0,-1,-1,-1,100000003,100000003,18,855,59,271
73849,-1,-1,-1,0,0,294,0,109,599,0,10,0,273,479,3,221,255,0,121,0,0,0,0,0,-1,-1,-1,466,0,0,0,1,36,100000003,100000003,18,855,0,271
74055,295,0,0,221,0,294,0,109,0,0,0,0,-1,-1,-1,221,255,0,121,0,0,0,0,0,171,62,0,466,0,0,-1,-1,-1,100000003,100000003,18,-1,-1,-1
74183,295,0,162,0,0,294,0,109,0,0,0,0,0,479,3,221,255,0,121,0,0,0,24,739,171,62,0,466,0,0,457,1,36,100000003,100000003,18,855,0,271
74279,0,0,0,0,0,0,0,109,0,-1,-1,-1,0,0,56,0,255,872,-1,-1,-1,0,0,0,0,62,0,-1,-1,-1,0,106,353,100000003,100000003,0,855,141,271
74297,295,0,0,0,0,339,0,109,0,-1,-1,-1,94,0,87,0,255,0,121,0,0,100000003,100000003,0,171,62,0,-1,-1,-1,263,307,36,100000003,100000003,0,855,71,271
74310,295,0,0,0,0,294,0,109,0,215,0,0,0,479,3,221,255,93,-1,-1,-1,0,0,0,171,62,0,466,0,0,79,1,36,100000003,100000003,18,855,0,271
74322,0,0,0,0,0,0,0,109,0,0,86,0,0,0,0,100000005,-1,100000005,121,0,320,175,0,0,193,62,204,466,93,238,0,0,0,100000003,100000003,543,855,272,271
74332,-1,-1,-1,0,0,0,46,109,0,0,86,0,284,0,0,0,255,0,121,0,320,571,0,248,193,62,56,-1,-1,-1,0,0,0,100000003,100000003,543,855,272,271
74510,0,0,0,392,0,114,325,109,0,0,0,0,-1,-1,-1,0,255,0,121,42,320,0,0,0,73,62,0,466,0,0,-1,-1,-1,100000003,100000003,45,855,272,271
74529,295,0,0,0,0,294,0,109,0,0,0,0,0,479,3,221,255,0,121,0,0,471,94,0,171,62,0,466,0,0,0,1,36,100000003,100000003,18,-1,-1,-1
74630,295,0,0,-1,-1,-1,0,109,0,0,166,454,131,0,3,0,255,0,121,57,516,0,0,0,-1,-1,-1,466,0,0,-1,-1,-1,100000003,100000003,18,855,346,271
74668,0,0,0,0,0,0,-1,-1,-1,0,257,0,-1,-1,-1,0,255,872,121,0,59,0,0,0,0,62,0,466,0,0,0,106,0,100000003,100000003,0,855,141,271
74757,295,0,0,0,0,294,0,109,0,0,0,0,0,0,3,-1,-1,-1,121,0,0,0,0,0,171,62,162,466,92,0,0,0,36,100000003,100000003,18,855,0,271
74789,295,0,0,0,0,294,0,109,0,0,0,0,0,479,3,221,255,0,-1,-1,-1,0,208,0,-1,-1,-1,466,0,0,0,1,36,100000003,100000003,18,855,0,271
74839,-1,-1,-1,-1,-1,-1,0,109,35,11,0,0,273,479,3,221,255,0,121,0,76,100,0,0,-1,-1,-1,466,0,0,0,1,36,100000003,100000003,18,855,0,271
74889,295,0,0,0,0,294,0,109,0,0,0,0,0,0,3,-1,-1,-1,121,0,0,-1,-1,-1,-1,-1,-1,466,92,0,0,0,36,100000003,100000003,18,855,478,271
74900,0,0,0,-1,-1,-1,-1,-1,-1,0,0,0,0,0,0,0,255,0,121,0,95,0,0,26,-1,-1,-1,466,309,0,174,0,0,100000003,100000003,0,-1,-1,-1
74911,295,0,0,0,0,294,0,109,0,21,0,0,0,479,3,221,255,0,121,0,97,-1,-1,-1,171,62,404,466,745,0,485,1,36,100000003,100000003,18,855,347,271
75075,-1,-1,-1,0,0,294,4,109,0,0,620,0,-1,-1,-1,221,255,600,121,0,0,0,0,0,171,62,0,466,104,0,0,1,36,100000003,100000003,18,855,0,271
75082,0,0,106,0,0,0,0,109,0,0,257,0,0,0,56,0,255,872,121,0,59,0,0,0,0,62,0,466,8,0,110,106,0,100000003,100000003,78,855,141,271
75091,-1,-1,-1,0,0,294,0,109,0,0,0,0,0,479,3,221,255,425,121,0,363,0,0,858,171,62,0,466,0,0,0,1,36,100000003,100000003,18,855,324,271
75135,295,0,0,0,0,294,0,109,0,0,0,0,0,479,3,221,255,0,121,0,0,0,0,0,171,62,0,-1,-1,-1,0,1,36,100000003,100000003,18,855,0,271
75164,-1,-1,-1,0,0,294,0,109,0,0,0,0,0,479,3,221,255,0,121,0,0,0,0,115,171,62,52,466,0,0,0,1,36,100000003,100000003,18,-1,-1,-1
75166,295,0,0,0,0,294,0,109,0,-1,-1,-1,0,479,3,221,255,0,121,0,0,0,0,474,171,62,0,466,0,0,0,1,36,-1,-1,-1,855,0,271
75199,295,0,0,0,0,294,0,109,0,0,0,0,0,479,3,-1,-1,-1,121,0,0,0,0,0,171,62,81,466,0,0,0,1,36,100000003,100000003,18,855,0,271
75339,295,0,0,0,0,294,0,109,0,0,0,0,0,479,3,221,255,0,121,0,0,0,0,0,171,62,67,466,0,0,0,1,36,-1,-1,-1,855,107,271
75451,295,0,575,0,0,294,0,109,0,21,0,0,0,479,3,221,255,0,121,0,0,136,0,0,171,62,404,-1,-1,-1,485,1,36,100000003,100000003,18,855,0,271
75548,0,0,0,-1,-1,-1,0,109,0,0,244,0,0,0,0,0,255,0,-1,-1,-1,0,0,26,-1,-1,-1,466,309,217,174,0,0,-1,-1,-1,-1,-1,-1
75639,0,0,366,0,0,303,0,109,0,0,0,0,0,154,0,0,255,144,121,0,320,0,277,0,73,62,0,466,0,0,21,127,32,100000003,100000003,835,-1,-1,-1
75653,0,0,0,0,0,0,0,109,0,0,0,432,0,356,0,0,255,0,121,0,130,0,0,636,0,62,0,466,595,0,0,0,220,-1,-1,-1,-1,-1,-1
75715,0,0,0,-1,-1,-1,0,109,0,0,244,0,0,0,0,123,255,0,-1,-1,-1,0,0,26,-1,-1,-1,466,309,841,174,0,156,100000003,100000003,34,-1,-1,-1
75839,0,0,0,0,0,0,-1,-1,-1,551,257,0,0,0,56,0,255,872,121,0,59,0,0,0,0,62,0,466,8,0,0,106,0,100000003,100000003,78,855,141,271
76211,295,0,0,0,0,294,0,109,0,26,0,0,0,479,3,221,255,0,121,0,0,-1,-1,-1,171,62,81,-1,-1,-1,0,1,36,100000003,100000003,18,855,182,271
76332,295,0,0,0,0,294,0,109,0,54,0,0,273,479,3,-1,-1,-1,121,0,0,0,481,118,171,62,0,466,0,0,0,1,36,100000003,100000003,18,855,0,271
76338,0,0,0,0,0,0,0,109,0,-1,-1,-1,-1,-1,-1,-1,-1,-1,-1,-1,-1,0,0,208,0,62,0,466,240,199,-1,-1,-1,100000003,100000003,0,855,291,271
76545,0,0,0,0,0,0,279,109,0,0,257,0,0,0,56,0,255,872,121,0,59,0,0,0,0,62,0,466,0,708,0,106,0,100000003,100000003,0,855,141,271
76681,295,0,0,0,0,294,0,109,0,0,0,0,0,0,3,0,255,0,121,0,0,0,0,0,171,62,0,466,0,0,-1,-1,-1,100000003,100000003,18,-1,-1,-1
76714,-1,-1,-1,-1,-1,-1,0,109,0,0,244,0,0,0,0,0,255,356,121,0,95,0,0,26,-1,-1,-1,466,309,0,-1,-1,-1,100000003,100000003,34,-1,-1,-1
76805,295,0,0,0,0,294,0,109,0,0,0,0,0,479,3,221,255,0,-1,-1,-1,0,94,0,171,62,0,466,0,0,0,1,36,100000003,100000003,18,855,0,271
76826,295,0,0,0,0,0,0,109,0,-1,-1,-1,0,0,0,42,255,0,121,83,73,0,0,336,171,62,402,466,0,220,0,0,36,100000003,100000003,34,855,104,271
76837,-1,-1,-1,0,0,0,104,109,0,81,0,0,560,0,0,56,255,0,121,0,320,0,0,0,0,62,0,466,0,0,21,31,0,-1,-1,-1,855,272,271
76852,0,0,0,392,0,114,325,109,0,98,0,276,-1,-1,-1,-1,-1,-1,121,0,320,0,0,0,-1,-1,-1,466,0,367,332,352,142,100000003,100000003,45,855,272,271
76854,295,0,0,0,0,294,0,109,0,0,0,0,0,479,3,221,255,17,121,0,0,45,0,0,171,62,0,466,30,0,0,1,36,100000003,100000003,18,-1,-1,-1
76859,-1,-1,-1,0,0,294,0,109,0,0,0,0,0,479,3,221,255,0,121,0,0,475,99,534,171,62,0,466,0,0,0,1,36,100000003,100000003,18,855,107,271
76997,295,0,0,0,0,22,0,109,0,118,0,0,0,0,3,0,255,0,121,0,276,0,0,0,171,62,339,-1,-1,-1,0,25,36,-1,-1,-1,855,1,271
77008,-1,-1,-1,736,0,0,0,109,65,0,0,492,0,76,0,486,255,872,121,55,0,0,285,0,260,62,0,466,278,0,0,595,0,100000003,100000003,300,-1,-1,-1
77172,-1,-1,-1,-1,-1,-1,0,109,0,0,0,278,0,0,3,0,255,409,121,0,0,0,0,0,171,62,0,466,0,0,0,0,36,100000003,100000003,18,855,168,271
77199,0,0,188,-1,-1,-1,0,109,0,0,244,0,0,0,0,0,255,0,-1,-1,-1,0,0,26,-1,-1,-1,466,309,0,174,0,0,100000003,100000003,34,-1,-1,-1
77353,295,0,0,0,0,294,0,109,0,0,0,0,0,0,3,0,255,0,121,0,0,0,0,0,171,62,162,466,92,0,0,0,36,100000003,100000003,18,855,0,271
77422,0,0,141,0,0,0,0,109,0,-1,-1,-1,0,0,0,0,255,0,121,17,320,0,100000006,100000006,193,62,366,-1,-1,-1,198,0,0,100000003,100000003,543,855,272,271
77480,0,0,0,-1,-1,-1,0,109,0,166,0,0,-1,-1,-1,256,255,0,121,0,0,315,392,0,679,62,14,466,309,0,272,0,637,-1,-1,-1,-1,-1,-1
77544,-1,-1,-1,-1,-1,-1,-1,-1,-1,0,515,0,0,0,0,-1,-1,-1,-1,-1,-1,0,192,162,61,62,14,466,309,398,94,0,0,100000003,100000003,0,-1,-1,-1
77871,295,0,0,0,0,294,-1,-1,-1,0,0,0,0,479,3,-1,-1,-1,121,500,0,0,443,0,171,62,0,466,0,0,-1,-1,-1,100000003,100000003,18,855,0,271
77875,0,0,0,0,0,0,0,109,0,0,257,0,0,0,56,0,255,872,121,0,59,0,300,0,0,62,0,-1,-1,-1,0,106,0,100000003,100000003,0,855,141,271
78013,295,0,0,-1,-1,-1,0,109,0,215,0,0,199,479,3,-1,-1,-1,121,143,0,0,0,0,171,62,6,466,467,0,0,1,36,100000003,100000003,18,855,0,271
78226,295,0,0,-1,-1,-1,0,109,0,0,0,0,0,479,3,221,255,0,121,0,0,0,0,0,171,62,0,466,0,0,0,1,36,100000003,100000003,18,855,121,271
78243,0,0,0,44,0,0,0,109,0,0,0,219,0,0,21,-1,-1,-1,121,115,0,104,0,0,0,62,14,-1,-1,-1,27,0,19,100000003,100000003,92,146,0,271
78318,0,0,0,392,0,0,325,109,0,0,0,67,-1,-1,-1,0,255,458,121,0,320,0,0,0,0,62,0,466,0,0,332,0,142,100000003,100000003,45,855,272,271
78349,295,0,232,0,0,294,0,109,0,0,0,0,0,479,3,221,255,0,121,0,0,0,0,0,171,62,26,466,0,0,0,1,36,100000003,100000003,18,855,0,271
78498,295,0,0,883,0,0,0,109,0,0,0,0,0,0,0,864,255,0,121,662,0,100000003,100000003,0,171,62,0,466,0,0,357,307,36,100000003,100000003,0,855,0,271
78872,-1,-1,-1,-1,-1,-1,0,109,0,0,244,0,0,0,0,0,255,0,121,0,95,0,0,26,-1,-1,-1,466,309,0,174,0,156,100000003,100000003,34,-1,-1,-1
79088,295,0,0,-1,-1,-1,0,109,0,0,0,0,0,0,3,0,255,0,-1,-1,-1,0,0,0,-1,-1,-1,466,0,0,-1,-1,-1,100000003,100000003,18,855,0,271
79101,295,0,0,0,0,294,0,109,0,0,0,0,0,479,3,221,255,0,121,0,0,0,471,0,171,62,0,466,150,0,0,1,36,100000003,100000003,18,855,83,271
79318,-1,-1,-1,0,0,294,0,109,0,1,0,0,0,479,3,221,255,0,-1,-1,-1,0,0,0,171,62,0,-1,-1,-1,333,1,36,100000003,100000003,18,855,0,271
79324,295,0,0,0,0,294,0,109,0,0,0,0,0,0,3,0,255,0,121,0,142,0,370,0,171,62,162,-1,-1,-1,0,0,36,-1,-1,-1,-1,-1,-1
79604,295,0,0,0,0,294,0,109,0,0,0,0,0,479,3,221,255,0,-1,-1,-1,683,432,0,171,62,0,466,0,0,402,1,36,-1,-1,-1,855,107,271
79747,-1,-1,-1,-1,-1,-1,0,109,4,0,0,0,-1,-1,-1,0,255,0,121,0,249,104,19,0,312,62,14,466,100000006,100000006,862,0,83,100000003,100000003,92,-1,-1,-1
79861,295,2,0,0,0,467,0,109,0,0,0,454,151,0,3,0,255,0,121,0,0,0,571,0,171,62,0,466,0,0,0,0,36,100000003,100000003,18,855,0,271
79902,295,0,0,349,0,294,0,109,0,0,19,705,0,479,3,221,255,0,-1,-1,-1,-1,-1,-1,171,62,0,466,0,0,131,1,36,100000003,100000003,18,855,0,271
80053,295,0,0,0,0,294,0,109,0,662,0,0,0,0,3,-1,-1,-1,121,0,0,0,0,0,-1,-1,-1,466,92,0,0,0,36,100000003,100000003,18,855,45,271
80083,295,689,0,0,0,294,0,109,0,0,0,0,0,479,3,-1,-1,-1,121,0,0,0,0,590,171,62,0,466,0,0,0,1,36,-1,-1,-1,855,107,271
80101,0,0,0,392,0,0,325,109,0,-1,-1,-1,-1,-1,-1,252,255,114,121,0,320,0,0,177,0,62,0,466,0,283,332,0,142,100000003,100000003,45,855,272,271
80134,0,0,0,0,0,0,0,109,0,0,0,10,0,17,0,-1,-1,-1,121,329,0,0,107,208,0,62,0,466,240,123,0,0,17,100000003,100000003,0,855,95,271
80205,295,0,0,0,166,294,0,109,0,567,0,150,0,479,3,221,255,0,121,0,0,-1,-1,-1,171,62,0,466,0,0,31,1,36,-1,-1,-1,855,0,271
80242,295,0,0,0,0,294,0,109,0,-1,-1,-1,129,479,3,221,255,0,-1,-1,-1,0,0,0,-1,-1,-1,466,0,0,698,1,36,100000003,100000003,18,855,0,271
80284,-1,-1,-1,0,0,339,0,109,0,0,0,0,94,0,118,0,255,0,121,0,0,-1,-1,-1,171,62,291,-1,-1,-1,263,307,36,-1,-1,-1,855,0,271
80295,0,0,0,-1,-1,-1,0,109,0,0,0,0,0,0,0,100000005,-1,100000005,121,0,95,0,0,26,-1,-1,-1,-1,-1,-1,174,858,0,-1,-1,-1,-1,-1,-1
80373,295,0,0,0,0,294,0,109,0,-1,-1,-1,0,479,3,221,255,0,121,0,0,0,0,0,171,62,0,466,0,0,-1,-1,-1,-1,-1,-1,855,0,271
80401,-1,-1,-1,0,0,0,-1,-1,-1,0,0,0,94,0,0,-1,-1,-1,121,0,237,100000003,100000003,0,171,62,0,466,466,0,263,307,36,100000003,100000003,446,-1,-1,-1
80415,-1,-1,-1,0,0,294,0,109,0,0,0,0,0,479,3,221,255,1,121,0,0,0,0,0,171,62,0,-1,-1,-1,0,1,36,100000003,100000003,18,855,107,271
80440,295,0,0,0,0,294,0,109,0,-1,-1,-1,0,192,3,0,255,0,121,0,0,0,115,0,171,62,0,-1,-1,-1,0,0,36,-1,-1,-1,-1,-1,-1
80561,295,0,0,0,0,294,0,109,0,0,0,0,-1,-1,-1,221,255,0,121,0,0,0,32,0,171,62,0,466,0,0,0,1,36,100000003,100000003,18,-1,-1,-1
80677,295,0,0,0,166,294,0,109,0,567,0,0,0,479,3,221,255,0,121,0,0,0,0,0,-1,-1,-1,466,0,0,31,1,36,100000003,100000003,18,855,0,271
80849,295,0,0,0,0,294,507,109,0,0,0,0,0,479,3,221,255,0,121,0,0,0,0,0,-1,-1,-1,466,346,0,-1,-1,-1,100000003,100000003,18,855,107,271
80956,0,0,30,44,0,0,0,109,0,0,0,0,6,0,0,0,255,0,121,0,0,104,19,241,142,62,14,466,100000006,100000006,0,0,0,100000003,100000003,92,146,0,271
81050,295,0,0,0,0,294,0,109,0,0,0,0,0,479,3,221,255,1,121,0,0,0,0,14,171,62,0,-1,-1,-1,0,1,36,-1,-1,-1,855,107,271
81057,0,0,366,0,0,0,0,109,0,0,0,0,0,0,0,-1,-1,-1,121,0,320,0,0,0,432,62,0,466,0,0,21,639,0,100000003,100000003,184,855,272,271
81224,295,0,0,0,0,294,0,109,0,100000003,100000003,663,0,479,3,221,255,0,121,0,0,61,94,0,171,62,0,466,0,0,0,1,36,100000003,100000003,18,855,0,271
81308,295,0,0,0,0,294,0,109,0,0,0,0,0,479,3,221,255,0,121,0,0,-1,-1,-1,171,62,44,-1,-1,-1,-1,-1,-1,100000003,100000003,18,855,0,271
81345,295,0,0,0,0,294,0,109,0,0,0,0,0,0,3,0,255,0,121,0,0,0,0,0,171,62,0,466,0,0,0,0,36,100000003,100000003,18,855,0,271
81448,0,0,141,21,17,0,0,109,0,0,86,0,179,0,0,796,255,0,121,0,320,100000005,-1,100000005,193,62,115,-1,-1,-1,0,0,230,-1,-1,-1,855,272,271
81535,295,0,0,0,0,294,0,109,0,0,0,0,0,479,3,221,255,0,121,0,0,0,0,0,171,62,0,-1,-1,-1,-1,-1,-1,100000003,100000003,18,855,0,271
81557,-1,-1,-1,-1,-1,-1,0,109,0,567,0,0,0,479,3,221,255,0,-1,-1,-1,0,0,0,171,62,0,466,0,0,31,1,36,100000003,100000003,18,855,0,271
81672,295,0,0,0,0,0,0,109,0,0,0,0,18,0,3,0,255,0,121,0,0,0,124,0,-1,-1,-1,466,0,0,0,0,36,100000003,100000003,18,-1,-1,-1
81702,0,0,366,0,0,256,-1,-1,-1,0,0,0,559,154,34,0,255,0,121,0,320,-1,-1,-1,16,62,0,466,555,45,21,277,203,100000003,100000003,0,855,272,271
81876,-1,-1,-1,0,0,294,0,109,0,0,0,0,0,479,3,221,255,0,121,0,0,0,0,0,171,62,719,466,0,0,-1,-1,-1,100000003,100000003,18,855,132,271
82123,295,0,0,-1,-1,-1,0,109,0,0,0,0,0,479,3,221,255,0,121,0,0,0,94,0,171,62,0,-1,-1,-1,0,1,36,100000003,100000003,18,855,0,271
82306,0,0,0,392,0,114,325,109,0,321,0,0,-1,-1,-1,0,255,0,121,0,320,0,861,0,0,62,0,466,0,96,332,352,142,100000003,100000003,45,855,272,271
82388,-1,-1,-1,0,0,339,-1,-1,-1,0,0,0,94,492,0,-1,-1,-1,-1,-1,-1,100000003,100000003,0,171,62,0,466,466,0,-1,-1,-1,100000003,100000003,580,855,0,271
82402,295,0,0,0,0,294,0,109,0,0,0,0,0,479,3,221,255,0,121,57,43,0,0,0,171,62,355,466,0,0,0,1,36,100000003,100000003,18,855,0,271
82432,295,0,0,0,0,294,0,109,0,0,0,0,106,479,3,221,255,0,121,0,0,0,52,0,171,62,24,466,484,0,65,1,36,100000003,100000003,18,855,0,271
82433,295,0,0,-1,-1,-1,0,109,0,0,0,0,106,479,3,221,255,0,121,0,0,0,52,0,171,62,24,466,484,0,-1,-1,-1,-1,-1,-1,855,0,271
82487,295,0,0,0,0,294,0,109,0,0,0,0,0,479,3,221,255,18,121,0,0,-1,-1,-1,171,62,0,-1,-1,-1,0,1,36,100000003,100000003,18,855,107,271
82678,295,0,0,0,0,294,0,109,0,-1,-1,-1,-1,-1,-1,221,255,0,121,33,0,-1,-1,-1,171,62,0,466,0,0,31,1,36,100000003,100000003,18,855,0,271
82745,295,0,0,0,0,294,0,109,0,0,0,0,0,31,3,0,255,0,121,0,0,0,0,0,171,62,162,466,92,0,0,0,36,100000003,100000003,18,855,0,271
82811,-1,-1,-1,0,0,0,0,109,209,0,0,0,-1,-1,-1,-1,-1,-1,121,0,320,0,0,0,0,62,0,-1,-1,-1,21,0,146,-1,-1,-1,855,272,271
82893,295,0,0,0,77,294,-1,-1,-1,0,0,0,0,0,3,0,255,0,121,0,0,0,13,0,171,62,0,466,0,0,143,0,36,100000003,100000003,18,855,112,271
83497,295,0,0,0,254,294,0,109,0,-1,-1,-1,0,479,3,221,255,0,121,666,0,0,0,0,171,62,0,466,0,363,0,1,36,100000003,100000003,18,855,0,271
83499,295,0,0,-1,-1,-1,0,109,462,256,0,0,0,479,3,221,255,0,121,0,0,0,24,739,171,62,0,466,0,0,171,1,36,100000003,100000003,18,855,179,271
83785,-1,-1,-1,0,0,0,481,109,35,404,571,5,0,0,0,0,255,872,121,0,0,0,0,0,0,62,593,466,0,217,0,214,0,100000003,100000003,617,855,136,271
83810,295,0,0,0,194,0,0,109,352,0,139,0,-1,-1,-1,0,255,333,121,0,0,100000003,100000003,0,-1,-1,-1,-1,-1,-1,263,307,36,100000003,100000003,0,855,8,271
83881,0,0,0,0,0,0,0,109,0,0,257,0,0,0,56,0,255,872,-1,-1,-1,0,0,0,0,62,0,466,0,0,0,106,353,100000003,100000003,0,855,141,271
83897,295,0,0,0,0,294,0,109,0,0,0,0,-1,-1,-1,221,255,0,121,0,0,0,94,304,171,62,0,-1,-1,-1,0,1,36,100000003,100000003,18,855,0,271
83998,0,0,125,0,0,0,0,109,0,0,0,0,0,715,0,-1,-1,-1,-1,-1,-1,0,0,574,0,62,42,466,725,0,-1,-1,-1,-1,-1,-1,855,38,271
84036,0,0,0,0,0,103,0,109,0,0,257,0,0,0,56,0,255,872,-1,-1,-1,0,0,0,0,62,0,466,0,0,11,106,353,100000003,100000003,151,855,141,271
84072,-1,-1,-1,-1,-1,-1,0,109,0,0,180,0,94,0,0,0,255,0,121,0,0,100000003,100000003,0,171,62,2,-1,-1,-1,-1,-1,-1,100000003,100000003,0,855,0,271
84167,-1,-1,-1,0,0,294,0,109,0,215,0,0,0,479,3,221,255,0,121,0,0,0,0,0,171,62,478,466,0,0,0,1,36,100000003,100000003,18,855,214,271
84229,0,0,366,0,0,0,0,109,0,81,0,0,128,0,0,0,255,0,121,0,320,0,0,0,0,62,0,466,0,126,21,31,0,100000003,100000003,0,855,272,271
84514,-1,-1,-1,-1,-1,-1,0,109,0,0,0,19,0,0,3,-1,-1,-1,121,0,652,0,0,0,171,62,0,466,0,572,0,0,36,100000003,100000003,18,855,788,271
84658,295,0,0,0,0,0,0,109,0,0,0,0,0,0,3,0,255,0,121,0,0,0,0,476,171,62,214,466,0,683,432,0,36,100000003,100000003,18,855,591,271
84813,-1,-1,-1,-1,-1,-1,155,109,0,0,0,2,0,0,0,514,255,176,121,0,364,0,0,0,178,62,27,466,230,148,0,358,15,100000003,100000003,263,855,94,271
84857,0,0,104,394,0,0,0,109,0,563,0,0,0,0,0,0,255,872,121,0,0,58,0,0,0,62,274,466,0,211,0,567,0,100000003,100000003,617,855,136,271
84880,295,0,0,0,0,0,0,109,0,0,0,454,0,0,3,0,255,358,-1,-1,-1,0,0,0,171,62,0,466,0,928,0,0,36,100000003,100000003,18,855,258,271
84889,295,0,0,0,0,294,-1,-1,-1,0,0,0,582,479,3,221,255,0,121,0,0,178,24,739,-1,-1,-1,466,0,0,0,1,36,100000003,100000003,18,855,0,271
84997,-1,-1,-1,0,0,294,-1,-1,-1,0,0,0,0,479,3,221,255,0,121,0,0,0,0,0,171,62,0,-1,-1,-1,0,1,36,100000003,100000003,18,855,107,271
85106,0,0,0,392,0,114,-1,-1,-1,0,0,0,-1,-1,-1,0,255,0,-1,-1,-1,0,0,0,0,62,0,466,0,0,-1,-1,-1,100000003,100000003,45,-1,-1,-1
85132,0,0,0,-1,-1,-1,0,109,0,166,0,0,0,0,0,256,255,93,121,0,0,315,392,0,340,62,14,466,309,0,272,0,0,-1,-1,-1,-1,-1,-1
85184,295,0,0,0,0,294,0,109,0,0,34,0,0,479,3,221,255,0,-1,-1,-1,0,94,0,171,62,0,466,0,0,0,1,36,100000003,100000003,18,855,0,271
85225,295,0,0,0,0,0,0,109,0,0,147,0,-1,-1,-1,0,255,0,121,0,0,100000003,100000003,0,171,62,640,466,341,0,-1,-1,-1,100000003,100000003,556,-1,-1,-1
85254,-1,-1,-1,0,0,294,0,109,0,215,0,0,0,479,3,221,255,425,121,0,0,-1,-1,-1,171,62,374,466,467,0,0,1,36,-1,-1,-1,855,727,271
85275,295,372,0,0,0,294,0,109,0,662,0,0,0,0,3,0,255,0,121,0,0,-1,-1,-1,-1,-1,-1,466,92,0,0,0,36,100000003,100000003,18,855,0,271
85313,295,0,0,0,0,294,0,109,0,0,0,0,99,479,3,221,255,0,-1,-1,-1,0,0,390,171,62,0,466,0,0,0,1,36,100000003,100000003,18,855,0,271
85319,295,0,0,0,0,294,0,109,0,0,0,0,0,479,3,221,255,0,121,0,0,0,0,0,171,62,0,-1,-1,-1,0,1,36,100000003,100000003,18,855,107,271
85436,295,0,0,0,0,0,323,109,0,0,0,0,0,0,0,42,255,0,121,83,0,-1,-1,-1,171,62,402,466,0,0,0,0,36,100000003,100000003,34,855,104,271
85642,295,0,0,0,0,294,0,109,0,65,0,0,121,479,3,221,255,0,121,0,0,0,443,0,171,62,0,466,0,0,0,1,36,100000003,100000003,18,855,1,271
85713,295,0,0,-1,-1,-1,-1,-1,-1,0,0,0,0,0,3,0,255,409,121,0,0,217,0,0,171,62,0,466,0,0,0,0,36,100000003,100000003,18,-1,-1,-1
86042,-1,-1,-1,0,0,0,0,109,0,-1,-1,-1,0,0,0,0,255,0,121,0,320,571,34,248,193,62,56,466,179,0,0,0,0,100000003,100000003,543,855,272,271
86201,0,0,523,44,0,0,0,109,0,0,5,0,0,0,0,-1,-1,-1,121,0,98,104,19,118,27,62,14,-1,-1,-1,0,230,0,100000003,100000003,92,146,0,271
86305,0,0,0,0,0,432,-1,-1,-1,0,86,0,0,0,0,0,255,0,121,0,320,273,0,0,193,62,513,466,93,0,-1,-1,-1,100000003,100000003,543,-1,-1,-1
86538,295,0,0,0,0,294,0,109,0,0,0,0,0,479,3,221,255,0,121,666,0,0,447,0,171,62,0,466,0,0,0,1,36,100000003,100000003,18,855,0,271
86809,295,0,0,0,0,294,340,109,0,-1,-1,-1,0,0,3,0,255,0,121,0,0,-1,-1,-1,171,62,0,466,136,361,0,0,36,100000003,100000003,18,855,7,271
86998,295,0,0,602,0,294,0,109,0,0,0,0,0,479,3,221,255,0,121,0,0,-1,-1,-1,171,62,0,466,0,0,0,1,36,100000003,100000003,18,855,0,271
87055,295,0,0,0,0,294,0,109,0,-1,-1,-1,459,479,3,221,255,0,121,0,0,0,0,0,171,62,0,466,0,0,0,1,36,100000003,100000003,18,855,2,271
87290,0,0,0,44,0,0,0,109,0,-1,-1,-1,0,0,0,0,255,0,121,0,249,-1,-1,-1,312,62,14,466,100000006,100000006,0,0,83,100000003,100000003,92,146,196,271
87380,295,0,0,0,0,294,0,109,0,0,0,0,0,479,3,221,255,0,121,0,0,-1,-1,-1,171,62,0,466,0,0,-1,-1,-1,100000003,100000003,18,855,193,271
87502,295,0,0,0,0,294,0,109,0,-1,-1,-1,0,479,3,-1,-1,-1,121,0,0,16,0,0,171,62,0,466,0,0,0,1,36,100000003,100000003,18,855,0,271
87543,0,0,0,392,0,0,325,109,0,0,0,13,0,0,0,0,255,0,-1,-1,-1,146,0,0,0,62,0,466,119,710,0,0,142,100000003,100000003,0,-1,-1,-1
